Supporting_URL,Supporting_Title,Target_URL,Target_Keyword,Semantic_Relevance_Score
https://hirein.co.uk/blog/lifting-equipment-guide,Complete Guide to Lifting Equipment,https://hirein.co.uk/lifting-equipment-hire/,lifting equipment hire,0.833
https://hirein.co.uk/blog/equipment-maintenance,Equipment Maintenance Best Practices,https://hirein.co.uk/lifting-equipment-hire/,lifting equipment hire,0.769
https://hirein.co.uk/blog/lifting-equipment-guide,Complete Guide to Lifting Equipment,https://hirein.co.uk/lifting-gear-hire/,lifting gear hire,0.667
https://hirein.co.uk/blog/heater-hire-winter,Winter Construction: Heater Hire Guide,https://hirein.co.uk/lifting-equipment-hire/,lifting equipment hire,0.615
https://hirein.co.uk/blog/heater-hire-winter,Winter Construction: Heater Hire Guide,https://hirein.co.uk/industrial-heater-hire/,industrial heater hire,0.615
https://hirein.co.uk/blog/equipment-maintenance,Equipment Maintenance Best Practices,https://hirein.co.uk/cheap-ladder-hire/,cheap ladder hire,0.615
https://hirein.co.uk/blog/equipment-maintenance,Equipment Maintenance Best Practices,https://hirein.co.uk/platform-ladder-hire/,platform ladder hire,0.615
https://hirein.co.uk/blog/equipment-maintenance,Equipment Maintenance Best Practices,https://hirein.co.uk/youngman-ladder-hire/,youngman ladder hire,0.615
https://hirein.co.uk/blog/equipment-maintenance,Equipment Maintenance Best Practices,https://hirein.co.uk/scaffold-hire-prices/,scaffold hire prices,0.615
https://hirein.co.uk/blog/equipment-maintenance,Equipment Maintenance Best Practices,https://hirein.co.uk/step-ladder-hire/,step ladder hire,0.615
https://hirein.co.uk/blog/equipment-maintenance,Equipment Maintenance Best Practices,https://hirein.co.uk/lifting-gear-hire/,lifting gear hire,0.615
https://hirein.co.uk/blog/equipment-maintenance,Equipment Maintenance Best Practices,https://hirein.co.uk/ladder-accessory-hire/,ladder accessory hire,0.615
https://hirein.co.uk/blog/equipment-maintenance,Equipment Maintenance Best Practices,https://hirein.co.uk/extension-ladder-hire/,extension ladder hire,0.615
https://hirein.co.uk/blog/equipment-maintenance,Equipment Maintenance Best Practices,https://hirein.co.uk/aluminium-ladder-hire/,aluminium ladder hire,0.615
https://hirein.co.uk/blog/construction-site-safety,Construction Site Safety Guide,https://hirein.co.uk/cheap-ladder-hire/,cheap ladder hire,0.571
https://hirein.co.uk/blog/construction-site-safety,Construction Site Safety Guide,https://hirein.co.uk/lifting-equipment-hire/,lifting equipment hire,0.571
https://hirein.co.uk/blog/construction-site-safety,Construction Site Safety Guide,https://hirein.co.uk/platform-ladder-hire/,platform ladder hire,0.571
https://hirein.co.uk/blog/construction-site-safety,Construction Site Safety Guide,https://hirein.co.uk/youngman-ladder-hire/,youngman ladder hire,0.571
https://hirein.co.uk/blog/construction-site-safety,Construction Site Safety Guide,https://hirein.co.uk/scaffold-hire-prices/,scaffold hire prices,0.571
https://hirein.co.uk/blog/construction-site-safety,Construction Site Safety Guide,https://hirein.co.uk/step-ladder-hire/,step ladder hire,0.571
https://hirein.co.uk/blog/construction-site-safety,Construction Site Safety Guide,https://hirein.co.uk/ladder-accessory-hire/,ladder accessory hire,0.571
https://hirein.co.uk/blog/construction-site-safety,Construction Site Safety Guide,https://hirein.co.uk/extension-ladder-hire/,extension ladder hire,0.571
https://hirein.co.uk/blog/construction-site-safety,Construction Site Safety Guide,https://hirein.co.uk/aluminium-ladder-hire/,aluminium ladder hire,0.571
https://hirein.co.uk/blog/scaffold-tower-assembly,How to Assemble a Scaffold Tower,https://hirein.co.uk/scaffold-tower-scaff-tag-hire/,scaffold tower scaff tag hire,0.553
https://hirein.co.uk/blog/equipment-maintenance,Equipment Maintenance Best Practices,https://hirein.co.uk/lift-shaft-scaffold-tower-hire/,lift shaft scaffold tower hire,0.553
https://hirein.co.uk/blog/equipment-maintenance,Equipment Maintenance Best Practices,https://hirein.co.uk/scaffold-tower-scaff-tag-hire/,scaffold tower scaff tag hire,0.553
https://hirein.co.uk/blog/heater-hire-winter,Winter Construction: Heater Hire Guide,https://hirein.co.uk/,equipment hire,0.545
https://hirein.co.uk/blog/heater-hire-winter,Winter Construction: Heater Hire Guide,https://hirein.co.uk/heater-hire/,heater hire,0.545
https://hirein.co.uk/blog/scaffold-tower-assembly,How to Assemble a Scaffold Tower,https://hirein.co.uk/aluminium-scaffold-tower-hire/,aluminium scaffold tower hire,0.533
https://hirein.co.uk/blog/scaffold-tower-assembly,How to Assemble a Scaffold Tower,https://hirein.co.uk/tower-scaffold-protectors-hire/,tower scaffold protectors hire,0.533
https://hirein.co.uk/blog/scaffold-tower-assembly,How to Assemble a Scaffold Tower,https://hirein.co.uk/mobile-scaffold-tower-hire/,mobile scaffold tower hire,0.533
https://hirein.co.uk/blog/heater-hire-winter,Winter Construction: Heater Hire Guide,https://hirein.co.uk/industrial-gas-heater-hire/,industrial gas heater hire,0.533
https://hirein.co.uk/blog/equipment-maintenance,Equipment Maintenance Best Practices,https://hirein.co.uk/aluminium-scaffold-tower-hire/,aluminium scaffold tower hire,0.533
https://hirein.co.uk/blog/equipment-maintenance,Equipment Maintenance Best Practices,https://hirein.co.uk/3-way-ladder-hire/,3 way ladder hire,0.533
https://hirein.co.uk/blog/equipment-maintenance,Equipment Maintenance Best Practices,https://hirein.co.uk/fibreglass-step-ladder-hire/,fibreglass step ladder hire,0.533
https://hirein.co.uk/blog/equipment-maintenance,Equipment Maintenance Best Practices,https://hirein.co.uk/tower-scaffold-protectors-hire/,tower scaffold protectors hire,0.533
https://hirein.co.uk/blog/equipment-maintenance,Equipment Maintenance Best Practices,https://hirein.co.uk/mobile-scaffold-tower-hire/,mobile scaffold tower hire,0.533
https://hirein.co.uk/blog/equipment-maintenance,Equipment Maintenance Best Practices,https://hirein.co.uk/multi-purpose-ladder-hire/,multi purpose ladder hire,0.533
https://hirein.co.uk/blog/construction-site-safety,Construction Site Safety Guide,https://hirein.co.uk/scaffold-tower-scaff-tag-hire/,scaffold tower scaff tag hire,0.522
https://hirein.co.uk/blog/construction-site-safety,Construction Site Safety Guide,https://hirein.co.uk/aluminium-scaffold-tower-hire/,aluminium scaffold tower hire,0.5
https://hirein.co.uk/blog/construction-site-safety,Construction Site Safety Guide,https://hirein.co.uk/3-way-ladder-hire/,3 way ladder hire,0.5
https://hirein.co.uk/blog/construction-site-safety,Construction Site Safety Guide,https://hirein.co.uk/fibreglass-step-ladder-hire/,fibreglass step ladder hire,0.5
https://hirein.co.uk/blog/construction-site-safety,Construction Site Safety Guide,https://hirein.co.uk/tower-scaffold-protectors-hire/,tower scaffold protectors hire,0.5
https://hirein.co.uk/blog/construction-site-safety,Construction Site Safety Guide,https://hirein.co.uk/mobile-scaffold-tower-hire/,mobile scaffold tower hire,0.5
https://hirein.co.uk/blog/construction-site-safety,Construction Site Safety Guide,https://hirein.co.uk/multi-purpose-ladder-hire/,multi purpose ladder hire,0.5
https://hirein.co.uk/blog/lifting-equipment-guide,Complete Guide to Lifting Equipment,https://hirein.co.uk/,equipment hire,0.5
https://hirein.co.uk/blog/lifting-equipment-guide,Complete Guide to Lifting Equipment,https://hirein.co.uk/cheap-ladder-hire/,cheap ladder hire,0.5
https://hirein.co.uk/blog/lifting-equipment-guide,Complete Guide to Lifting Equipment,https://hirein.co.uk/platform-ladder-hire/,platform ladder hire,0.5
https://hirein.co.uk/blog/lifting-equipment-guide,Complete Guide to Lifting Equipment,https://hirein.co.uk/youngman-ladder-hire/,youngman ladder hire,0.5
https://hirein.co.uk/blog/lifting-equipment-guide,Complete Guide to Lifting Equipment,https://hirein.co.uk/scaffold-hire-prices/,scaffold hire prices,0.5
https://hirein.co.uk/blog/lifting-equipment-guide,Complete Guide to Lifting Equipment,https://hirein.co.uk/step-ladder-hire/,step ladder hire,0.5
https://hirein.co.uk/blog/lifting-equipment-guide,Complete Guide to Lifting Equipment,https://hirein.co.uk/ladder-accessory-hire/,ladder accessory hire,0.5
https://hirein.co.uk/blog/lifting-equipment-guide,Complete Guide to Lifting Equipment,https://hirein.co.uk/extension-ladder-hire/,extension ladder hire,0.5
https://hirein.co.uk/blog/lifting-equipment-guide,Complete Guide to Lifting Equipment,https://hirein.co.uk/aluminium-ladder-hire/,aluminium ladder hire,0.5
https://hirein.co.uk/blog/scaffold-tower-assembly,How to Assemble a Scaffold Tower,https://hirein.co.uk/lift-shaft-scaffold-tower-hire/,lift shaft scaffold tower hire,0.471
https://hirein.co.uk/blog/lifting-equipment-guide,Complete Guide to Lifting Equipment,https://hirein.co.uk/lift-shaft-scaffold-tower-hire/,lift shaft scaffold tower hire,0.463
https://hirein.co.uk/blog/scaffold-tower-assembly,How to Assemble a Scaffold Tower,https://hirein.co.uk/diy-scaffold-tower/,diy scaffold tower,0.462
https://hirein.co.uk/blog/scaffold-tower-assembly,How to Assemble a Scaffold Tower,https://hirein.co.uk/platform-ladder-hire/,platform ladder hire,0.462
https://hirein.co.uk/blog/scaffold-tower-assembly,How to Assemble a Scaffold Tower,https://hirein.co.uk/scaffold-hire-prices/,scaffold hire prices,0.462
https://hirein.co.uk/blog/scaffold-tower-assembly,How to Assemble a Scaffold Tower,https://hirein.co.uk/scaffold-tower-accessories/,scaffold tower accessories,0.462
https://hirein.co.uk/blog/heater-hire-winter,Winter Construction: Heater Hire Guide,https://hirein.co.uk/cheap-ladder-hire/,cheap ladder hire,0.462
https://hirein.co.uk/blog/heater-hire-winter,Winter Construction: Heater Hire Guide,https://hirein.co.uk/blow-heater-hire/,blow heater hire,0.462
https://hirein.co.uk/blog/heater-hire-winter,Winter Construction: Heater Hire Guide,https://hirein.co.uk/platform-ladder-hire/,platform ladder hire,0.462
https://hirein.co.uk/blog/heater-hire-winter,Winter Construction: Heater Hire Guide,https://hirein.co.uk/youngman-ladder-hire/,youngman ladder hire,0.462
https://hirein.co.uk/blog/heater-hire-winter,Winter Construction: Heater Hire Guide,https://hirein.co.uk/scaffold-hire-prices/,scaffold hire prices,0.462
https://hirein.co.uk/blog/heater-hire-winter,Winter Construction: Heater Hire Guide,https://hirein.co.uk/step-ladder-hire/,step ladder hire,0.462
https://hirein.co.uk/blog/heater-hire-winter,Winter Construction: Heater Hire Guide,https://hirein.co.uk/site-fencing-hire/,site fencing hire,0.462
https://hirein.co.uk/blog/heater-hire-winter,Winter Construction: Heater Hire Guide,https://hirein.co.uk/portable-heater-hire/,portable heater hire,0.462
https://hirein.co.uk/blog/heater-hire-winter,Winter Construction: Heater Hire Guide,https://hirein.co.uk/lifting-gear-hire/,lifting gear hire,0.462
https://hirein.co.uk/blog/heater-hire-winter,Winter Construction: Heater Hire Guide,https://hirein.co.uk/ladder-accessory-hire/,ladder accessory hire,0.462
https://hirein.co.uk/blog/heater-hire-winter,Winter Construction: Heater Hire Guide,https://hirein.co.uk/extension-ladder-hire/,extension ladder hire,0.462
https://hirein.co.uk/blog/heater-hire-winter,Winter Construction: Heater Hire Guide,https://hirein.co.uk/site-lighting-hire/,site lighting hire,0.462
https://hirein.co.uk/blog/heater-hire-winter,Winter Construction: Heater Hire Guide,https://hirein.co.uk/aluminium-ladder-hire/,aluminium ladder hire,0.462
https://hirein.co.uk/blog/fencing-types-guide,Types of Construction Site Fencing,https://hirein.co.uk/site-fencing-hire/,site fencing hire,0.462
https://hirein.co.uk/blog/fencing-types-guide,Types of Construction Site Fencing,https://hirein.co.uk/security-fencing-hire/,security fencing hire,0.462
https://hirein.co.uk/blog/equipment-maintenance,Equipment Maintenance Best Practices,https://hirein.co.uk/,equipment hire,0.455
https://hirein.co.uk/blog/construction-site-safety,Construction Site Safety Guide,https://hirein.co.uk/lift-shaft-scaffold-tower-hire/,lift shaft scaffold tower hire,0.444
https://hirein.co.uk/blog/lifting-equipment-guide,Complete Guide to Lifting Equipment,https://hirein.co.uk/lift-hire/,lift hire,0.44
https://hirein.co.uk/blog/construction-site-safety,Construction Site Safety Guide,https://hirein.co.uk/lifting-gear-hire/,lifting gear hire,0.429
https://hirein.co.uk/blog/lifting-equipment-guide,Complete Guide to Lifting Equipment,https://hirein.co.uk/aluminium-scaffold-tower-hire/,aluminium scaffold tower hire,0.429
https://hirein.co.uk/blog/lifting-equipment-guide,Complete Guide to Lifting Equipment,https://hirein.co.uk/3-way-ladder-hire/,3 way ladder hire,0.429
https://hirein.co.uk/blog/lifting-equipment-guide,Complete Guide to Lifting Equipment,https://hirein.co.uk/fibreglass-step-ladder-hire/,fibreglass step ladder hire,0.429
https://hirein.co.uk/blog/lifting-equipment-guide,Complete Guide to Lifting Equipment,https://hirein.co.uk/tower-scaffold-protectors-hire/,tower scaffold protectors hire,0.429
https://hirein.co.uk/blog/lifting-equipment-guide,Complete Guide to Lifting Equipment,https://hirein.co.uk/mobile-scaffold-tower-hire/,mobile scaffold tower hire,0.429
https://hirein.co.uk/blog/lifting-equipment-guide,Complete Guide to Lifting Equipment,https://hirein.co.uk/multi-purpose-ladder-hire/,multi purpose ladder hire,0.429
https://hirein.co.uk/blog/construction-site-safety,Construction Site Safety Guide,https://hirein.co.uk/,equipment hire,0.417
https://hirein.co.uk/blog/site-security-equipment,Essential Site Security Equipment,https://hirein.co.uk/site-fencing-hire/,site fencing hire,0.417
https://hirein.co.uk/blog/site-security-equipment,Essential Site Security Equipment,https://hirein.co.uk/security-fencing-hire/,security fencing hire,0.417
https://hirein.co.uk/blog/ladder-safety-tips,Ladder Safety Tips for DIY Projects,https://hirein.co.uk/ladder-accessory-hire/,ladder accessory hire,0.415
https://hirein.co.uk/blog/fencing-types-guide,Types of Construction Site Fencing,https://hirein.co.uk/barrier-fencing-hire/,barrier fencing hire,0.415
https://hirein.co.uk/blog/heater-hire-winter,Winter Construction: Heater Hire Guide,https://hirein.co.uk/aluminium-scaffold-tower-hire/,aluminium scaffold tower hire,0.4
https://hirein.co.uk/blog/heater-hire-winter,Winter Construction: Heater Hire Guide,https://hirein.co.uk/3-way-ladder-hire/,3 way ladder hire,0.4
https://hirein.co.uk/blog/heater-hire-winter,Winter Construction: Heater Hire Guide,https://hirein.co.uk/fibreglass-step-ladder-hire/,fibreglass step ladder hire,0.4
https://hirein.co.uk/blog/heater-hire-winter,Winter Construction: Heater Hire Guide,https://hirein.co.uk/tower-scaffold-protectors-hire/,tower scaffold protectors hire,0.4
https://hirein.co.uk/blog/heater-hire-winter,Winter Construction: Heater Hire Guide,https://hirein.co.uk/mobile-scaffold-tower-hire/,mobile scaffold tower hire,0.4
https://hirein.co.uk/blog/heater-hire-winter,Winter Construction: Heater Hire Guide,https://hirein.co.uk/multi-purpose-ladder-hire/,multi purpose ladder hire,0.4
https://hirein.co.uk/blog/equipment-maintenance,Equipment Maintenance Best Practices,https://hirein.co.uk/lift-hire/,lift hire,0.4
https://hirein.co.uk/blog/powered-access-benefits,Benefits of Powered Access Equipment,https://hirein.co.uk/lifting-equipment-hire/,lifting equipment hire,0.386
https://hirein.co.uk/blog/equipment-maintenance,Equipment Maintenance Best Practices,https://hirein.co.uk/diy-scaffold-tower/,diy scaffold tower,0.385
https://hirein.co.uk/blog/equipment-maintenance,Equipment Maintenance Best Practices,https://hirein.co.uk/scaffold-tower-accessories/,scaffold tower accessories,0.385
https://hirein.co.uk/blog/lifting-equipment-guide,Complete Guide to Lifting Equipment,https://hirein.co.uk/scaffold-tower-scaff-tag-hire/,scaffold tower scaff tag hire,0.375
https://hirein.co.uk/blog/site-security-equipment,Essential Site Security Equipment,https://hirein.co.uk/barrier-fencing-hire/,barrier fencing hire,0.367
https://hirein.co.uk/blog/lifting-equipment-guide,Complete Guide to Lifting Equipment,https://hirein.co.uk/boom-lift-hire/,boom lift hire,0.367
https://hirein.co.uk/blog/lifting-equipment-guide,Complete Guide to Lifting Equipment,https://hirein.co.uk/platform-lift-hire/,platform lift hire,0.367
https://hirein.co.uk/blog/lifting-equipment-guide,Complete Guide to Lifting Equipment,https://hirein.co.uk/scissor-lift-hire/,scissor lift hire,0.367
https://hirein.co.uk/blog/heater-hire-winter,Winter Construction: Heater Hire Guide,https://hirein.co.uk/mewp-hire/,mewp hire,0.364
https://hirein.co.uk/blog/heater-hire-winter,Winter Construction: Heater Hire Guide,https://hirein.co.uk/niftylift-hire/,niftylift hire,0.364
https://hirein.co.uk/blog/heater-hire-winter,Winter Construction: Heater Hire Guide,https://hirein.co.uk/lift-hire/,lift hire,0.364
https://hirein.co.uk/blog/heater-hire-winter,Winter Construction: Heater Hire Guide,https://hirein.co.uk/fencing-hire/,fencing hire,0.364
https://hirein.co.uk/blog/fencing-types-guide,Types of Construction Site Fencing,https://hirein.co.uk/fencing-hire/,fencing hire,0.364
https://hirein.co.uk/blog/construction-site-safety,Construction Site Safety Guide,https://hirein.co.uk/diy-scaffold-tower/,diy scaffold tower,0.357
https://hirein.co.uk/blog/construction-site-safety,Construction Site Safety Guide,https://hirein.co.uk/scaffold-tower-accessories/,scaffold tower accessories,0.357
https://hirein.co.uk/blog/construction-site-safety,Construction Site Safety Guide,https://hirein.co.uk/site-fencing-hire/,site fencing hire,0.357
https://hirein.co.uk/blog/construction-site-safety,Construction Site Safety Guide,https://hirein.co.uk/site-lighting-hire/,site lighting hire,0.357
https://hirein.co.uk/blog/diy-home-renovation,DIY Home Renovation Project Planning,https://hirein.co.uk/diy-scaffold-tower/,diy scaffold tower,0.357
https://hirein.co.uk/blog/powered-access-benefits,Benefits of Powered Access Equipment,https://hirein.co.uk/boom-lift-hire/,boom lift hire,0.357
https://hirein.co.uk/blog/powered-access-benefits,Benefits of Powered Access Equipment,https://hirein.co.uk/cherry-picker-hire/,cherry picker hire,0.357
https://hirein.co.uk/blog/powered-access-benefits,Benefits of Powered Access Equipment,https://hirein.co.uk/powered-access-hire/,powered access hire,0.357
https://hirein.co.uk/blog/heater-hire-winter,Winter Construction: Heater Hire Guide,https://hirein.co.uk/lift-shaft-scaffold-tower-hire/,lift shaft scaffold tower hire,0.353
https://hirein.co.uk/blog/heater-hire-winter,Winter Construction: Heater Hire Guide,https://hirein.co.uk/scaffold-tower-scaff-tag-hire/,scaffold tower scaff tag hire,0.353
https://hirein.co.uk/blog/equipment-maintenance,Equipment Maintenance Best Practices,https://hirein.co.uk/boom-lift-hire/,boom lift hire,0.338
https://hirein.co.uk/blog/equipment-maintenance,Equipment Maintenance Best Practices,https://hirein.co.uk/platform-lift-hire/,platform lift hire,0.338
https://hirein.co.uk/blog/equipment-maintenance,Equipment Maintenance Best Practices,https://hirein.co.uk/scissor-lift-hire/,scissor lift hire,0.338
https://hirein.co.uk/blog/site-security-equipment,Essential Site Security Equipment,https://hirein.co.uk/lifting-equipment-hire/,lifting equipment hire,0.333
https://hirein.co.uk/blog/construction-site-safety,Construction Site Safety Guide,https://hirein.co.uk/barrier-fencing-hire/,barrier fencing hire,0.314
https://hirein.co.uk/blog/construction-site-safety,Construction Site Safety Guide,https://hirein.co.uk/plastic-barrier-hire/,plastic barrier hire,0.314
https://hirein.co.uk/blog/scaffold-tower-assembly,How to Assemble a Scaffold Tower,https://hirein.co.uk/cheap-ladder-hire/,cheap ladder hire,0.308
https://hirein.co.uk/blog/scaffold-tower-assembly,How to Assemble a Scaffold Tower,https://hirein.co.uk/access-platform-hire/,access platform hire,0.308
https://hirein.co.uk/blog/scaffold-tower-assembly,How to Assemble a Scaffold Tower,https://hirein.co.uk/lifting-equipment-hire/,lifting equipment hire,0.308
https://hirein.co.uk/blog/scaffold-tower-assembly,How to Assemble a Scaffold Tower,https://hirein.co.uk/youngman-ladder-hire/,youngman ladder hire,0.308
https://hirein.co.uk/blog/scaffold-tower-assembly,How to Assemble a Scaffold Tower,https://hirein.co.uk/platform-lift-hire/,platform lift hire,0.308
https://hirein.co.uk/blog/scaffold-tower-assembly,How to Assemble a Scaffold Tower,https://hirein.co.uk/work-platform-hire/,work platform hire,0.308
https://hirein.co.uk/blog/scaffold-tower-assembly,How to Assemble a Scaffold Tower,https://hirein.co.uk/step-ladder-hire/,step ladder hire,0.308
https://hirein.co.uk/blog/scaffold-tower-assembly,How to Assemble a Scaffold Tower,https://hirein.co.uk/lifting-gear-hire/,lifting gear hire,0.308
https://hirein.co.uk/blog/scaffold-tower-assembly,How to Assemble a Scaffold Tower,https://hirein.co.uk/ladder-accessory-hire/,ladder accessory hire,0.308
https://hirein.co.uk/blog/scaffold-tower-assembly,How to Assemble a Scaffold Tower,https://hirein.co.uk/extension-ladder-hire/,extension ladder hire,0.308
https://hirein.co.uk/blog/scaffold-tower-assembly,How to Assemble a Scaffold Tower,https://hirein.co.uk/aluminium-ladder-hire/,aluminium ladder hire,0.308
https://hirein.co.uk/blog/ladder-safety-tips,Ladder Safety Tips for DIY Projects,https://hirein.co.uk/cheap-ladder-hire/,cheap ladder hire,0.308
https://hirein.co.uk/blog/ladder-safety-tips,Ladder Safety Tips for DIY Projects,https://hirein.co.uk/platform-ladder-hire/,platform ladder hire,0.308
https://hirein.co.uk/blog/ladder-safety-tips,Ladder Safety Tips for DIY Projects,https://hirein.co.uk/youngman-ladder-hire/,youngman ladder hire,0.308
https://hirein.co.uk/blog/ladder-safety-tips,Ladder Safety Tips for DIY Projects,https://hirein.co.uk/step-ladder-hire/,step ladder hire,0.308
https://hirein.co.uk/blog/ladder-safety-tips,Ladder Safety Tips for DIY Projects,https://hirein.co.uk/extension-ladder-hire/,extension ladder hire,0.308
https://hirein.co.uk/blog/ladder-safety-tips,Ladder Safety Tips for DIY Projects,https://hirein.co.uk/aluminium-ladder-hire/,aluminium ladder hire,0.308
https://hirein.co.uk/blog/heater-hire-winter,Winter Construction: Heater Hire Guide,https://hirein.co.uk/boom-lift-hire/,boom lift hire,0.308
https://hirein.co.uk/blog/heater-hire-winter,Winter Construction: Heater Hire Guide,https://hirein.co.uk/aluminium-step-hire/,aluminium step hire,0.308
https://hirein.co.uk/blog/heater-hire-winter,Winter Construction: Heater Hire Guide,https://hirein.co.uk/barrier-fencing-hire/,barrier fencing hire,0.308
https://hirein.co.uk/blog/heater-hire-winter,Winter Construction: Heater Hire Guide,https://hirein.co.uk/access-platform-hire/,access platform hire,0.308
https://hirein.co.uk/blog/heater-hire-winter,Winter Construction: Heater Hire Guide,https://hirein.co.uk/cherry-picker-hire/,cherry picker hire,0.308
https://hirein.co.uk/blog/heater-hire-winter,Winter Construction: Heater Hire Guide,https://hirein.co.uk/youngman-boards-hire/,youngman boards hire,0.308
https://hirein.co.uk/blog/heater-hire-winter,Winter Construction: Heater Hire Guide,https://hirein.co.uk/platform-lift-hire/,platform lift hire,0.308
https://hirein.co.uk/blog/heater-hire-winter,Winter Construction: Heater Hire Guide,https://hirein.co.uk/powered-access-hire/,powered access hire,0.308
https://hirein.co.uk/blog/heater-hire-winter,Winter Construction: Heater Hire Guide,https://hirein.co.uk/work-platform-hire/,work platform hire,0.308
https://hirein.co.uk/blog/heater-hire-winter,Winter Construction: Heater Hire Guide,https://hirein.co.uk/steel-fence-hire/,steel fence hire,0.308
https://hirein.co.uk/blog/heater-hire-winter,Winter Construction: Heater Hire Guide,https://hirein.co.uk/security-fencing-hire/,security fencing hire,0.308
https://hirein.co.uk/blog/heater-hire-winter,Winter Construction: Heater Hire Guide,https://hirein.co.uk/scissor-lift-hire/,scissor lift hire,0.308
https://hirein.co.uk/blog/heater-hire-winter,Winter Construction: Heater Hire Guide,https://hirein.co.uk/metal-fencing-hire/,metal fencing hire,0.308
https://hirein.co.uk/blog/heater-hire-winter,Winter Construction: Heater Hire Guide,https://hirein.co.uk/plastic-barrier-hire/,plastic barrier hire,0.308
https://hirein.co.uk/blog/fencing-types-guide,Types of Construction Site Fencing,https://hirein.co.uk/cheap-ladder-hire/,cheap ladder hire,0.308
https://hirein.co.uk/blog/fencing-types-guide,Types of Construction Site Fencing,https://hirein.co.uk/lifting-equipment-hire/,lifting equipment hire,0.308
https://hirein.co.uk/blog/fencing-types-guide,Types of Construction Site Fencing,https://hirein.co.uk/platform-ladder-hire/,platform ladder hire,0.308
https://hirein.co.uk/blog/fencing-types-guide,Types of Construction Site Fencing,https://hirein.co.uk/youngman-ladder-hire/,youngman ladder hire,0.308
https://hirein.co.uk/blog/fencing-types-guide,Types of Construction Site Fencing,https://hirein.co.uk/scaffold-hire-prices/,scaffold hire prices,0.308
https://hirein.co.uk/blog/fencing-types-guide,Types of Construction Site Fencing,https://hirein.co.uk/step-ladder-hire/,step ladder hire,0.308
https://hirein.co.uk/blog/fencing-types-guide,Types of Construction Site Fencing,https://hirein.co.uk/metal-fencing-hire/,metal fencing hire,0.308
https://hirein.co.uk/blog/fencing-types-guide,Types of Construction Site Fencing,https://hirein.co.uk/lifting-gear-hire/,lifting gear hire,0.308
https://hirein.co.uk/blog/fencing-types-guide,Types of Construction Site Fencing,https://hirein.co.uk/ladder-accessory-hire/,ladder accessory hire,0.308
https://hirein.co.uk/blog/fencing-types-guide,Types of Construction Site Fencing,https://hirein.co.uk/extension-ladder-hire/,extension ladder hire,0.308
https://hirein.co.uk/blog/fencing-types-guide,Types of Construction Site Fencing,https://hirein.co.uk/site-lighting-hire/,site lighting hire,0.308
https://hirein.co.uk/blog/fencing-types-guide,Types of Construction Site Fencing,https://hirein.co.uk/aluminium-ladder-hire/,aluminium ladder hire,0.308
https://hirein.co.uk/blog/site-security-equipment,Essential Site Security Equipment,https://hirein.co.uk/,equipment hire,0.3
https://hirein.co.uk/blog/site-security-equipment,Essential Site Security Equipment,https://hirein.co.uk/fencing-hire/,fencing hire,0.3
https://hirein.co.uk/blog/lifting-equipment-guide,Complete Guide to Lifting Equipment,https://hirein.co.uk/mewp-hire/,mewp hire,0.3
https://hirein.co.uk/blog/lifting-equipment-guide,Complete Guide to Lifting Equipment,https://hirein.co.uk/heater-hire/,heater hire,0.3
https://hirein.co.uk/blog/lifting-equipment-guide,Complete Guide to Lifting Equipment,https://hirein.co.uk/niftylift-hire/,niftylift hire,0.3
https://hirein.co.uk/blog/lifting-equipment-guide,Complete Guide to Lifting Equipment,https://hirein.co.uk/fencing-hire/,fencing hire,0.3
https://hirein.co.uk/blog/diy-home-renovation,DIY Home Renovation Project Planning,https://hirein.co.uk/scaffold-tower-scaff-tag-hire/,scaffold tower scaff tag hire,0.3
https://hirein.co.uk/blog/diy-home-renovation,DIY Home Renovation Project Planning,https://hirein.co.uk/cheap-ladder-hire/,cheap ladder hire,0.286
https://hirein.co.uk/blog/diy-home-renovation,DIY Home Renovation Project Planning,https://hirein.co.uk/lifting-equipment-hire/,lifting equipment hire,0.286
https://hirein.co.uk/blog/diy-home-renovation,DIY Home Renovation Project Planning,https://hirein.co.uk/platform-ladder-hire/,platform ladder hire,0.286
https://hirein.co.uk/blog/diy-home-renovation,DIY Home Renovation Project Planning,https://hirein.co.uk/youngman-ladder-hire/,youngman ladder hire,0.286
https://hirein.co.uk/blog/diy-home-renovation,DIY Home Renovation Project Planning,https://hirein.co.uk/scaffold-hire-prices/,scaffold hire prices,0.286
https://hirein.co.uk/blog/diy-home-renovation,DIY Home Renovation Project Planning,https://hirein.co.uk/step-ladder-hire/,step ladder hire,0.286
https://hirein.co.uk/blog/diy-home-renovation,DIY Home Renovation Project Planning,https://hirein.co.uk/ladder-accessory-hire/,ladder accessory hire,0.286
https://hirein.co.uk/blog/diy-home-renovation,DIY Home Renovation Project Planning,https://hirein.co.uk/extension-ladder-hire/,extension ladder hire,0.286
https://hirein.co.uk/blog/diy-home-renovation,DIY Home Renovation Project Planning,https://hirein.co.uk/aluminium-ladder-hire/,aluminium ladder hire,0.286
https://hirein.co.uk/blog/construction-site-safety,Construction Site Safety Guide,https://hirein.co.uk/crowd-control-barrier-hire/,crowd control barrier hire,0.275
https://hirein.co.uk/blog/equipment-maintenance,Equipment Maintenance Best Practices,https://hirein.co.uk/mewp-hire/,mewp hire,0.273
https://hirein.co.uk/blog/equipment-maintenance,Equipment Maintenance Best Practices,https://hirein.co.uk/heater-hire/,heater hire,0.273
https://hirein.co.uk/blog/equipment-maintenance,Equipment Maintenance Best Practices,https://hirein.co.uk/niftylift-hire/,niftylift hire,0.273
https://hirein.co.uk/blog/equipment-maintenance,Equipment Maintenance Best Practices,https://hirein.co.uk/fencing-hire/,fencing hire,0.273
https://hirein.co.uk/blog/scaffold-tower-assembly,How to Assemble a Scaffold Tower,https://hirein.co.uk/3-way-ladder-hire/,3 way ladder hire,0.267
https://hirein.co.uk/blog/scaffold-tower-assembly,How to Assemble a Scaffold Tower,https://hirein.co.uk/fibreglass-step-ladder-hire/,fibreglass step ladder hire,0.267
https://hirein.co.uk/blog/scaffold-tower-assembly,How to Assemble a Scaffold Tower,https://hirein.co.uk/multi-purpose-ladder-hire/,multi purpose ladder hire,0.267
https://hirein.co.uk/blog/ladder-safety-tips,Ladder Safety Tips for DIY Projects,https://hirein.co.uk/3-way-ladder-hire/,3 way ladder hire,0.267
https://hirein.co.uk/blog/ladder-safety-tips,Ladder Safety Tips for DIY Projects,https://hirein.co.uk/fibreglass-step-ladder-hire/,fibreglass step ladder hire,0.267
https://hirein.co.uk/blog/ladder-safety-tips,Ladder Safety Tips for DIY Projects,https://hirein.co.uk/multi-purpose-ladder-hire/,multi purpose ladder hire,0.267
https://hirein.co.uk/blog/heater-hire-winter,Winter Construction: Heater Hire Guide,https://hirein.co.uk/crowd-control-barrier-hire/,crowd control barrier hire,0.267
https://hirein.co.uk/blog/heater-hire-winter,Winter Construction: Heater Hire Guide,https://hirein.co.uk/gas-bottle-storage-hire/,gas bottle storage hire,0.267
https://hirein.co.uk/blog/fencing-types-guide,Types of Construction Site Fencing,https://hirein.co.uk/aluminium-scaffold-tower-hire/,aluminium scaffold tower hire,0.267
https://hirein.co.uk/blog/fencing-types-guide,Types of Construction Site Fencing,https://hirein.co.uk/3-way-ladder-hire/,3 way ladder hire,0.267
https://hirein.co.uk/blog/fencing-types-guide,Types of Construction Site Fencing,https://hirein.co.uk/fibreglass-step-ladder-hire/,fibreglass step ladder hire,0.267
https://hirein.co.uk/blog/fencing-types-guide,Types of Construction Site Fencing,https://hirein.co.uk/tower-scaffold-protectors-hire/,tower scaffold protectors hire,0.267
https://hirein.co.uk/blog/fencing-types-guide,Types of Construction Site Fencing,https://hirein.co.uk/mobile-scaffold-tower-hire/,mobile scaffold tower hire,0.267
https://hirein.co.uk/blog/fencing-types-guide,Types of Construction Site Fencing,https://hirein.co.uk/multi-purpose-ladder-hire/,multi purpose ladder hire,0.267
https://hirein.co.uk/blog/fencing-types-guide,Types of Construction Site Fencing,https://hirein.co.uk/plastic-barrier-hire/,plastic barrier hire,0.262
https://hirein.co.uk/blog/construction-site-safety,Construction Site Safety Guide,https://hirein.co.uk/mewp-hire/,mewp hire,0.25
https://hirein.co.uk/blog/construction-site-safety,Construction Site Safety Guide,https://hirein.co.uk/heater-hire/,heater hire,0.25
https://hirein.co.uk/blog/construction-site-safety,Construction Site Safety Guide,https://hirein.co.uk/niftylift-hire/,niftylift hire,0.25
https://hirein.co.uk/blog/construction-site-safety,Construction Site Safety Guide,https://hirein.co.uk/lift-hire/,lift hire,0.25
https://hirein.co.uk/blog/construction-site-safety,Construction Site Safety Guide,https://hirein.co.uk/fencing-hire/,fencing hire,0.25
https://hirein.co.uk/blog/site-security-equipment,Essential Site Security Equipment,https://hirein.co.uk/metal-fencing-hire/,metal fencing hire,0.25
https://hirein.co.uk/blog/site-security-equipment,Essential Site Security Equipment,https://hirein.co.uk/site-lighting-hire/,site lighting hire,0.25
https://hirein.co.uk/blog/lifting-equipment-guide,Complete Guide to Lifting Equipment,https://hirein.co.uk/aluminium-step-hire/,aluminium step hire,0.25
https://hirein.co.uk/blog/lifting-equipment-guide,Complete Guide to Lifting Equipment,https://hirein.co.uk/blow-heater-hire/,blow heater hire,0.25
https://hirein.co.uk/blog/lifting-equipment-guide,Complete Guide to Lifting Equipment,https://hirein.co.uk/barrier-fencing-hire/,barrier fencing hire,0.25
https://hirein.co.uk/blog/lifting-equipment-guide,Complete Guide to Lifting Equipment,https://hirein.co.uk/access-platform-hire/,access platform hire,0.25
https://hirein.co.uk/blog/lifting-equipment-guide,Complete Guide to Lifting Equipment,https://hirein.co.uk/cherry-picker-hire/,cherry picker hire,0.25
https://hirein.co.uk/blog/lifting-equipment-guide,Complete Guide to Lifting Equipment,https://hirein.co.uk/diy-scaffold-tower/,diy scaffold tower,0.25
https://hirein.co.uk/blog/lifting-equipment-guide,Complete Guide to Lifting Equipment,https://hirein.co.uk/youngman-boards-hire/,youngman boards hire,0.25
https://hirein.co.uk/blog/lifting-equipment-guide,Complete Guide to Lifting Equipment,https://hirein.co.uk/powered-access-hire/,powered access hire,0.25
https://hirein.co.uk/blog/lifting-equipment-guide,Complete Guide to Lifting Equipment,https://hirein.co.uk/scaffold-tower-accessories/,scaffold tower accessories,0.25
https://hirein.co.uk/blog/lifting-equipment-guide,Complete Guide to Lifting Equipment,https://hirein.co.uk/work-platform-hire/,work platform hire,0.25
https://hirein.co.uk/blog/lifting-equipment-guide,Complete Guide to Lifting Equipment,https://hirein.co.uk/steel-fence-hire/,steel fence hire,0.25
https://hirein.co.uk/blog/lifting-equipment-guide,Complete Guide to Lifting Equipment,https://hirein.co.uk/site-fencing-hire/,site fencing hire,0.25
https://hirein.co.uk/blog/lifting-equipment-guide,Complete Guide to Lifting Equipment,https://hirein.co.uk/security-fencing-hire/,security fencing hire,0.25
https://hirein.co.uk/blog/lifting-equipment-guide,Complete Guide to Lifting Equipment,https://hirein.co.uk/portable-heater-hire/,portable heater hire,0.25
https://hirein.co.uk/blog/lifting-equipment-guide,Complete Guide to Lifting Equipment,https://hirein.co.uk/metal-fencing-hire/,metal fencing hire,0.25
https://hirein.co.uk/blog/lifting-equipment-guide,Complete Guide to Lifting Equipment,https://hirein.co.uk/industrial-heater-hire/,industrial heater hire,0.25
https://hirein.co.uk/blog/lifting-equipment-guide,Complete Guide to Lifting Equipment,https://hirein.co.uk/site-lighting-hire/,site lighting hire,0.25
https://hirein.co.uk/blog/lifting-equipment-guide,Complete Guide to Lifting Equipment,https://hirein.co.uk/plastic-barrier-hire/,plastic barrier hire,0.25
https://hirein.co.uk/blog/diy-home-renovation,DIY Home Renovation Project Planning,https://hirein.co.uk/,equipment hire,0.25
https://hirein.co.uk/blog/diy-home-renovation,DIY Home Renovation Project Planning,https://hirein.co.uk/aluminium-scaffold-tower-hire/,aluminium scaffold tower hire,0.25
https://hirein.co.uk/blog/diy-home-renovation,DIY Home Renovation Project Planning,https://hirein.co.uk/3-way-ladder-hire/,3 way ladder hire,0.25
https://hirein.co.uk/blog/diy-home-renovation,DIY Home Renovation Project Planning,https://hirein.co.uk/fibreglass-step-ladder-hire/,fibreglass step ladder hire,0.25
https://hirein.co.uk/blog/diy-home-renovation,DIY Home Renovation Project Planning,https://hirein.co.uk/tower-scaffold-protectors-hire/,tower scaffold protectors hire,0.25
https://hirein.co.uk/blog/diy-home-renovation,DIY Home Renovation Project Planning,https://hirein.co.uk/mobile-scaffold-tower-hire/,mobile scaffold tower hire,0.25
https://hirein.co.uk/blog/diy-home-renovation,DIY Home Renovation Project Planning,https://hirein.co.uk/multi-purpose-ladder-hire/,multi purpose ladder hire,0.25
https://hirein.co.uk/blog/powered-access-benefits,Benefits of Powered Access Equipment,https://hirein.co.uk/,equipment hire,0.25
https://hirein.co.uk/blog/powered-access-benefits,Benefits of Powered Access Equipment,https://hirein.co.uk/high-level-powered-access/,high level powered access,0.25
https://hirein.co.uk/blog/powered-access-benefits,Benefits of Powered Access Equipment,https://hirein.co.uk/lift-hire/,lift hire,0.25
https://hirein.co.uk/blog/powered-access-benefits,Benefits of Powered Access Equipment,https://hirein.co.uk/lifting-gear-hire/,lifting gear hire,0.243
https://hirein.co.uk/blog/powered-access-benefits,Benefits of Powered Access Equipment,https://hirein.co.uk/ladder-accessory-hire/,ladder accessory hire,0.243
https://hirein.co.uk/blog/fencing-types-guide,Types of Construction Site Fencing,https://hirein.co.uk/lift-shaft-scaffold-tower-hire/,lift shaft scaffold tower hire,0.235
https://hirein.co.uk/blog/fencing-types-guide,Types of Construction Site Fencing,https://hirein.co.uk/scaffold-tower-scaff-tag-hire/,scaffold tower scaff tag hire,0.235
https://hirein.co.uk/blog/ladder-safety-tips,Ladder Safety Tips for DIY Projects,https://hirein.co.uk/access-platform-hire/,access platform hire,0.231
https://hirein.co.uk/blog/ladder-safety-tips,Ladder Safety Tips for DIY Projects,https://hirein.co.uk/diy-scaffold-tower/,diy scaffold tower,0.231
https://hirein.co.uk/blog/ladder-safety-tips,Ladder Safety Tips for DIY Projects,https://hirein.co.uk/powered-access-hire/,powered access hire,0.231
https://hirein.co.uk/blog/equipment-maintenance,Equipment Maintenance Best Practices,https://hirein.co.uk/aluminium-step-hire/,aluminium step hire,0.231
https://hirein.co.uk/blog/equipment-maintenance,Equipment Maintenance Best Practices,https://hirein.co.uk/blow-heater-hire/,blow heater hire,0.231
https://hirein.co.uk/blog/equipment-maintenance,Equipment Maintenance Best Practices,https://hirein.co.uk/barrier-fencing-hire/,barrier fencing hire,0.231
https://hirein.co.uk/blog/equipment-maintenance,Equipment Maintenance Best Practices,https://hirein.co.uk/access-platform-hire/,access platform hire,0.231
https://hirein.co.uk/blog/equipment-maintenance,Equipment Maintenance Best Practices,https://hirein.co.uk/cherry-picker-hire/,cherry picker hire,0.231
https://hirein.co.uk/blog/equipment-maintenance,Equipment Maintenance Best Practices,https://hirein.co.uk/youngman-boards-hire/,youngman boards hire,0.231
https://hirein.co.uk/blog/equipment-maintenance,Equipment Maintenance Best Practices,https://hirein.co.uk/powered-access-hire/,powered access hire,0.231
https://hirein.co.uk/blog/equipment-maintenance,Equipment Maintenance Best Practices,https://hirein.co.uk/work-platform-hire/,work platform hire,0.231
https://hirein.co.uk/blog/equipment-maintenance,Equipment Maintenance Best Practices,https://hirein.co.uk/steel-fence-hire/,steel fence hire,0.231
https://hirein.co.uk/blog/equipment-maintenance,Equipment Maintenance Best Practices,https://hirein.co.uk/site-fencing-hire/,site fencing hire,0.231
https://hirein.co.uk/blog/equipment-maintenance,Equipment Maintenance Best Practices,https://hirein.co.uk/security-fencing-hire/,security fencing hire,0.231
https://hirein.co.uk/blog/equipment-maintenance,Equipment Maintenance Best Practices,https://hirein.co.uk/portable-heater-hire/,portable heater hire,0.231
https://hirein.co.uk/blog/equipment-maintenance,Equipment Maintenance Best Practices,https://hirein.co.uk/metal-fencing-hire/,metal fencing hire,0.231
https://hirein.co.uk/blog/equipment-maintenance,Equipment Maintenance Best Practices,https://hirein.co.uk/industrial-heater-hire/,industrial heater hire,0.231
https://hirein.co.uk/blog/equipment-maintenance,Equipment Maintenance Best Practices,https://hirein.co.uk/site-lighting-hire/,site lighting hire,0.231
https://hirein.co.uk/blog/equipment-maintenance,Equipment Maintenance Best Practices,https://hirein.co.uk/plastic-barrier-hire/,plastic barrier hire,0.231
https://hirein.co.uk/blog/fencing-types-guide,Types of Construction Site Fencing,https://hirein.co.uk/crowd-control-barrier-hire/,crowd control barrier hire,0.227
https://hirein.co.uk/blog/diy-home-renovation,DIY Home Renovation Project Planning,https://hirein.co.uk/lift-shaft-scaffold-tower-hire/,lift shaft scaffold tower hire,0.222
https://hirein.co.uk/blog/powered-access-benefits,Benefits of Powered Access Equipment,https://hirein.co.uk/lift-shaft-scaffold-tower-hire/,lift shaft scaffold tower hire,0.222
https://hirein.co.uk/blog/construction-site-safety,Construction Site Safety Guide,https://hirein.co.uk/boom-lift-hire/,boom lift hire,0.214
https://hirein.co.uk/blog/construction-site-safety,Construction Site Safety Guide,https://hirein.co.uk/aluminium-step-hire/,aluminium step hire,0.214
https://hirein.co.uk/blog/construction-site-safety,Construction Site Safety Guide,https://hirein.co.uk/blow-heater-hire/,blow heater hire,0.214
https://hirein.co.uk/blog/construction-site-safety,Construction Site Safety Guide,https://hirein.co.uk/access-platform-hire/,access platform hire,0.214
https://hirein.co.uk/blog/construction-site-safety,Construction Site Safety Guide,https://hirein.co.uk/cherry-picker-hire/,cherry picker hire,0.214
https://hirein.co.uk/blog/construction-site-safety,Construction Site Safety Guide,https://hirein.co.uk/youngman-boards-hire/,youngman boards hire,0.214
https://hirein.co.uk/blog/construction-site-safety,Construction Site Safety Guide,https://hirein.co.uk/platform-lift-hire/,platform lift hire,0.214
https://hirein.co.uk/blog/construction-site-safety,Construction Site Safety Guide,https://hirein.co.uk/powered-access-hire/,powered access hire,0.214
https://hirein.co.uk/blog/construction-site-safety,Construction Site Safety Guide,https://hirein.co.uk/work-platform-hire/,work platform hire,0.214
https://hirein.co.uk/blog/construction-site-safety,Construction Site Safety Guide,https://hirein.co.uk/steel-fence-hire/,steel fence hire,0.214
https://hirein.co.uk/blog/construction-site-safety,Construction Site Safety Guide,https://hirein.co.uk/security-fencing-hire/,security fencing hire,0.214
https://hirein.co.uk/blog/construction-site-safety,Construction Site Safety Guide,https://hirein.co.uk/scissor-lift-hire/,scissor lift hire,0.214
https://hirein.co.uk/blog/construction-site-safety,Construction Site Safety Guide,https://hirein.co.uk/portable-heater-hire/,portable heater hire,0.214
https://hirein.co.uk/blog/construction-site-safety,Construction Site Safety Guide,https://hirein.co.uk/metal-fencing-hire/,metal fencing hire,0.214
https://hirein.co.uk/blog/construction-site-safety,Construction Site Safety Guide,https://hirein.co.uk/industrial-heater-hire/,industrial heater hire,0.214
https://hirein.co.uk/blog/lifting-equipment-guide,Complete Guide to Lifting Equipment,https://hirein.co.uk/industrial-gas-heater-hire/,industrial gas heater hire,0.214
https://hirein.co.uk/blog/lifting-equipment-guide,Complete Guide to Lifting Equipment,https://hirein.co.uk/crowd-control-barrier-hire/,crowd control barrier hire,0.214
https://hirein.co.uk/blog/lifting-equipment-guide,Complete Guide to Lifting Equipment,https://hirein.co.uk/gas-bottle-storage-hire/,gas bottle storage hire,0.214
https://hirein.co.uk/blog/diy-home-renovation,DIY Home Renovation Project Planning,https://hirein.co.uk/scaffold-tower-accessories/,scaffold tower accessories,0.214
https://hirein.co.uk/blog/powered-access-benefits,Benefits of Powered Access Equipment,https://hirein.co.uk/access-platform-hire/,access platform hire,0.214
https://hirein.co.uk/blog/powered-access-benefits,Benefits of Powered Access Equipment,https://hirein.co.uk/platform-lift-hire/,platform lift hire,0.214
https://hirein.co.uk/blog/powered-access-benefits,Benefits of Powered Access Equipment,https://hirein.co.uk/scissor-lift-hire/,scissor lift hire,0.214
